{"cameraMode":{"drawMode":0,"name":"Shaded","section":"Shading Mode"},"sceneLighting":true,"audioPlay":false,"sceneViewState":{"showFog":true,"showMaterialUpdate":false,"showSkybox":true,"showFlares":true,"showImageEffects":true,"showParticleSystems":true},"in2DMode":false,"pivot":{"x":-427.902099609375,"y":946.1875610351563,"z":-749.7422485351563},"rotation":{"x":0.4369923174381256,"y":-0.04987715184688568,"z":0.024276958778500558,"w":0.8977560997009277},"size":12.676481246948243,"orthographic":false}