{"cameraMode":{"drawMode":0,"name":"Shaded","section":"Shading Mode"},"sceneLighting":true,"audioPlay":false,"sceneViewState":{"showFog":true,"showMaterialUpdate":false,"showSkybox":true,"showFlares":true,"showImageEffects":true,"showParticleSystems":true},"in2DMode":false,"pivot":{"x":-1.2863633632659913,"y":6.295161247253418,"z":7.829599857330322},"rotation":{"x":0.09605549275875092,"y":0.27745330333709719,"z":0.02789182774722576,"w":-0.9555214047431946},"size":12.461819648742676,"orthographic":false}